Ian,What year are you? Are you a transfer student? ​
Roberto,What are you most excited about this course?​
Gurtaj,What year are you? Are you a transfer student? ​
Peang,Any prior programming experience? (This class will go over C++)​
Collin,What are you most excited about this course?​
Vivian,What do you like most about the campus?​
Yoonsu,What year are you? Are you a transfer student? ​
Jose,What are you most excited about this course?​
Bryson,What are you most excited about this course?​
Raphael,Any prior programming experience? (This class will go over C++)​
Michael,What are you most excited about this course?​
Terrell,What was your most memorable class?  (Memorable can be good or bad)​
Jorge,What projects do you want to accomplish this semester?​
Jasson,What year are you? Are you a transfer student? ​
Edgar,What are you most excited about this course?​
Alejandro,What was your most memorable class?  (Memorable can be good or bad)​
Dat,What do you like most about the campus?​
Josiah,What do you like most about the campus?​
Everest,What year are you? Are you a transfer student? ​
Nathan,What do you like most about the campus?​
Ly ,Any prior programming experience? (This class will go over C++)​
Tamish ,Any prior programming experience? (This class will go over C++)​
Evan,What are you most excited about this course?​
Jennifer,What do you like most about the campus?​
Thomas,What year are you? Are you a transfer student? ​
Anthony,What year are you? Are you a transfer student? ​
Jun,What was your most memorable class?  (Memorable can be good or bad)​
Zenobi,What do you like most about the campus?​
Pratham,What year are you? Are you a transfer student? ​
Adam,What do you like most about the campus?​
